Type,PW,PL,SW
1,3,4,8
1,7,6,5
2,18,22,13
2,20,18,19
,,,
,12,12.5,11.25
,8.286535263,8.850612032,6.130524719
,68.66666667,78.33333333,37.58333333
